{"offset_A": 68069.66666666667, "offset_B": 44068.333333333336}